{"train/global_step":34,"train/step_loss":1.4652602672576904,"train/lr":0.001,"_timestamp":1.7788487879938474e+09,"_wandb":{"runtime":490},"_runtime":490,"_step":34}