{"_step":95,"train/global_step":95,"train/step_loss":0.43718117475509644,"train/lr":0.001,"_timestamp":1.7788477982570019e+09,"_runtime":515,"_wandb":{"runtime":515}}