{"_timestamp":1.7788521629272914e+09,"_step":8,"train/global_step":8,"train/step_loss":3.7293777465820312,"_wandb":{"runtime":100},"_runtime":100,"train/lr":0.001}