{"train/lr":0.001,"_timestamp":1.778852660156464e+09,"_step":13,"train/global_step":13,"_wandb":{"runtime":405},"_runtime":405,"train/step_loss":4.191093444824219}